BDD_ID,Bench Label
2,115
3,108
4,151
6,198
7,102
8,150
10,180
11,95
12,89
13,146
15,177
16,82
17,76
18,142
20,174
21,69
22,63
23,138
25,171
26,56
27,50
28,134
30,168
31,43
32,37
33,130
35,165
36,30
37,24
38,126
40,162
41,17
42,11
43,122
45,159
46,4
47,1
48,118
50,154
66,199
82,203
84,251
89,295
86,308
90,112
93,197
129,285
130,147
131,99
134,195
138,247
178,282
179,143
180,86
183,193
189,243
229,279
230,139
231,73
234,191
242,239
282,276
283,135
284,60
287,189
297,236
337,273
338,131
339,47
342,187
354,233
394,270
395,127
396,34
399,185
413,230
453,267
454,123
455,21
458,183
474,227
514,264
515,119
516,8
519,157
535,224
571,260
3167,296
5693,309
6970,343
8761,356
8762,105
8765,196
8805,294
8785,307
10084,341
12898,355
12899,92
12902,194
12942,293
12922,306
14227,339
16925,354
16926,79
16929,192
16969,292
16949,305
18268,337
20930,353
20931,66
20934,190
20974,291
20954,304
22303,335
24993,352
24994,53
24997,188
25037,290
25017,303
26428,333
29226,351
29227,40
29230,186
29270,289
29250,302
30787,332
33829,350
33830,27
33833,184
33873,288
33853,301
35644,331
39190,349
39191,14
39194,158
39230,263
39212,300
41509,330
46069,348
59258,357
65337,360
75247,378
5693,319
77036,346
82,213
77041,258
85598,411
82975,420
95636,377
97433,345
97442,257
106224,407
116646,374
118599,340
118620,254
128506,393
139056,373
141197,338
141222,250
151918,386
159270,429
169436,376
171253,344
171266,256
180312,404
177532,418
190606,375
192467,342
192484,255
201872,399
209200,425
125470,417
212378,422
223056,372
225577,336
225606,246
237736,381
250632,432
103528,419
255065,428
267929,431
279791,430
279793,379
280815,347
83,259
286938,414
299656,416
310448,371
313476,334
313508,242
327147,380
322701,415
327167,421
65337,370
5693,329
82,223
